{"cameraMode":{"drawMode":0,"name":"Shaded","section":"Shading Mode"},"sceneLighting":true,"audioPlay":false,"sceneViewState":{"showFog":true,"showMaterialUpdate":false,"showSkybox":true,"showFlares":true,"showImageEffects":true,"showParticleSystems":true},"in2DMode":false,"pivot":{"x":54.304203033447269,"y":8.248345375061036,"z":114.93175506591797},"rotation":{"x":-0.0745965763926506,"y":0.6931517124176025,"z":-0.07236170768737793,"w":-0.7134577035903931},"size":1.5696570873260499,"orthographic":true}