{"cameraMode":{"drawMode":0,"name":"Shaded","section":"Shading Mode"},"sceneLighting":false,"audioPlay":false,"sceneViewState":{"showFog":true,"showMaterialUpdate":false,"showSkybox":false,"showFlares":true,"showImageEffects":true,"showParticleSystems":true},"in2DMode":false,"pivot":{"x":69.8125,"y":7.46025276184082,"z":112.5431137084961},"rotation":{"x":0.017259862273931505,"y":0.9827619791030884,"z":-0.12568171322345735,"w":0.13470569252967835},"size":1.4301174879074097,"orthographic":true}