{"cameraMode":{"drawMode":0,"name":"Shaded","section":"Shading Mode"},"sceneLighting":false,"audioPlay":false,"sceneViewState":{"showFog":true,"showMaterialUpdate":false,"showSkybox":false,"showFlares":true,"showImageEffects":true,"showParticleSystems":true},"in2DMode":false,"pivot":{"x":54.18833541870117,"y":7.17549991607666,"z":114.41920471191406},"rotation":{"x":-0.0069532073102891449,"y":0.9923418760299683,"z":-0.10878194868564606,"w":-0.06112286075949669},"size":0.8774899840354919,"orthographic":true}