{"cameraMode":{"drawMode":0,"name":"Shaded","section":"Shading Mode"},"sceneLighting":false,"audioPlay":false,"sceneViewState":{"showFog":true,"showMaterialUpdate":false,"showSkybox":false,"showFlares":true,"showImageEffects":true,"showParticleSystems":true},"in2DMode":false,"pivot":{"x":60.83880615234375,"y":5.915063858032227,"z":110.11674499511719},"rotation":{"x":-0.15178167819976808,"y":-0.2556939423084259,"z":0.04072326049208641,"w":-0.9539255499839783},"size":1.3671472072601319,"orthographic":true}