{"cameraMode":{"drawMode":0,"name":"Shaded","section":"Shading Mode"},"sceneLighting":false,"audioPlay":false,"sceneViewState":{"showFog":true,"showMaterialUpdate":false,"showSkybox":false,"showFlares":true,"showImageEffects":true,"showParticleSystems":true},"in2DMode":false,"pivot":{"x":68.29264831542969,"y":7.130925178527832,"z":112.86949920654297},"rotation":{"x":0.0012682348024100066,"y":0.985214352607727,"z":-0.1713508814573288,"w":0.00711172167211771},"size":1.3043029308319092,"orthographic":true}