{"cameraMode":{"drawMode":0,"name":"Shaded","section":"Shading Mode"},"sceneLighting":false,"audioPlay":false,"sceneViewState":{"showFog":true,"showMaterialUpdate":false,"showSkybox":false,"showFlares":true,"showImageEffects":true,"showParticleSystems":true},"in2DMode":false,"pivot":{"x":0.16514205932617188,"y":0.19888520240783692,"z":-0.09381484985351563},"rotation":{"x":0.00013760209549218416,"y":-1.0001544952392579,"z":-0.0051008472219109539,"w":0.005138643551617861},"size":0.639326274394989,"orthographic":true}