{"cameraMode":{"drawMode":0,"name":"Shaded","section":"Shading Mode"},"sceneLighting":false,"audioPlay":false,"sceneViewState":{"showFog":true,"showMaterialUpdate":false,"showSkybox":false,"showFlares":true,"showImageEffects":true,"showParticleSystems":true},"in2DMode":false,"pivot":{"x":0.014999981969594956,"y":-1.4901161193847657e-8,"z":0.0},"rotation":{"x":0.12776720523834229,"y":-0.8722334504127502,"z":0.3361041247844696,"w":0.3315832316875458},"size":0.5850083827972412,"orthographic":false}