{"cameraMode":{"drawMode":0,"name":"Shaded","section":"Shading Mode"},"sceneLighting":false,"audioPlay":false,"sceneViewState":{"showFog":true,"showMaterialUpdate":false,"showSkybox":false,"showFlares":true,"showImageEffects":true,"showParticleSystems":true},"in2DMode":false,"pivot":{"x":51.01749801635742,"y":7.17549991607666,"z":114.41920471191406},"rotation":{"x":-0.08991973847150803,"y":0.8837557435035706,"z":-0.1894114464521408,"w":-0.41877269744873049},"size":0.8774899840354919,"orthographic":true}