{"cameraMode":{"drawMode":0,"name":"Shaded","section":"Shading Mode"},"sceneLighting":true,"audioPlay":false,"sceneViewState":{"showFog":true,"showMaterialUpdate":false,"showSkybox":true,"showFlares":true,"showImageEffects":true,"showParticleSystems":true},"in2DMode":false,"pivot":{"x":69.59717559814453,"y":7.475323677062988,"z":111.94198608398438},"rotation":{"x":0.06908511370420456,"y":0.9309206008911133,"z":-0.24833494424819947,"w":0.2588583528995514},"size":2.393265962600708,"orthographic":true}