{"cameraMode":{"drawMode":0,"name":"Shaded","section":"Shading Mode"},"sceneLighting":true,"audioPlay":false,"sceneViewState":{"showFog":true,"showMaterialUpdate":false,"showSkybox":true,"showFlares":true,"showImageEffects":true,"showParticleSystems":true},"in2DMode":false,"pivot":{"x":70.83937072753906,"y":15.058536529541016,"z":124.72599792480469},"rotation":{"x":-0.10989168286323548,"y":0.8744778037071228,"z":-0.23413167893886567,"w":-0.41047266125679018},"size":8.74494743347168,"orthographic":true}