{"cameraMode":{"drawMode":0,"name":"Shaded","section":"Shading Mode"},"sceneLighting":true,"audioPlay":false,"sceneViewState":{"showFog":true,"showMaterialUpdate":false,"showSkybox":true,"showFlares":true,"showImageEffects":true,"showParticleSystems":true},"in2DMode":false,"pivot":{"x":61.19118881225586,"y":4.77419900894165,"z":109.09500122070313},"rotation":{"x":0.025322621688246728,"y":-0.9732078313827515,"z":0.1321876496076584,"w":0.18645726144313813},"size":2.520813465118408,"orthographic":true}