{"cameraMode":{"drawMode":0,"name":"Shaded","section":"Shading Mode"},"sceneLighting":false,"audioPlay":false,"sceneViewState":{"showFog":true,"showMaterialUpdate":false,"showSkybox":false,"showFlares":true,"showImageEffects":true,"showParticleSystems":true},"in2DMode":false,"pivot":{"x":54.18833541870117,"y":7.17549991607666,"z":114.41920471191406},"rotation":{"x":-0.00018483676831237972,"y":1.000074863433838,"z":0.01380214560776949,"w":-0.0045481109991669659},"size":0.7642796039581299,"orthographic":true}