{"cameraMode":{"drawMode":0,"name":"Shaded","section":"Shading Mode"},"sceneLighting":false,"audioPlay":false,"sceneViewState":{"showFog":true,"showMaterialUpdate":false,"showSkybox":false,"showFlares":true,"showImageEffects":true,"showParticleSystems":true},"in2DMode":false,"pivot":{"x":66.68937683105469,"y":9.204675674438477,"z":120.38560485839844},"rotation":{"x":0.005999689921736717,"y":0.017973309382796289,"z":-0.00006933440454304218,"w":0.9998587965965271},"size":1.4619334936141968,"orthographic":true}