{"cameraMode":{"drawMode":0,"name":"Shaded","section":"Shading Mode"},"sceneLighting":false,"audioPlay":false,"sceneViewState":{"showFog":true,"showMaterialUpdate":false,"showSkybox":false,"showFlares":true,"showImageEffects":true,"showParticleSystems":true},"in2DMode":false,"pivot":{"x":69.8125,"y":7.46025276184082,"z":112.5431137084961},"rotation":{"x":0.0942620038986206,"y":0.9035162329673767,"z":-0.32744932174682619,"w":0.26002034544944765},"size":1.4301174879074097,"orthographic":true}