{"cameraMode":{"drawMode":0,"name":"Shaded","section":"Shading Mode"},"sceneLighting":true,"audioPlay":false,"sceneViewState":{"showFog":true,"showMaterialUpdate":false,"showSkybox":true,"showFlares":true,"showImageEffects":true,"showParticleSystems":true},"in2DMode":false,"pivot":{"x":169.0267333984375,"y":108.2950210571289,"z":179.25755310058595},"rotation":{"x":0.5503954887390137,"y":-0.1649537831544876,"z":0.11197890341281891,"w":0.8107563853263855},"size":85.63645935058594,"orthographic":false}