{"cameraMode":{"drawMode":0,"name":"Shaded","section":"Shading Mode"},"sceneLighting":true,"audioPlay":false,"sceneViewState":{"showFog":true,"showMaterialUpdate":false,"showSkybox":true,"showFlares":true,"showImageEffects":true,"showParticleSystems":true},"in2DMode":false,"pivot":{"x":158.41334533691407,"y":7.997356414794922,"z":76.50923919677735},"rotation":{"x":0.05528965964913368,"y":0.08078686892986298,"z":-0.0044882819056510929,"w":0.9951871037483215},"size":11.486978530883789,"orthographic":false}