{"cameraMode":{"drawMode":0,"name":"Shaded","section":"Shading Mode"},"sceneLighting":true,"audioPlay":false,"sceneViewState":{"showFog":true,"showMaterialUpdate":false,"showSkybox":true,"showFlares":true,"showImageEffects":true,"showParticleSystems":true},"in2DMode":false,"pivot":{"x":66.70999908447266,"y":10.479999542236329,"z":120.37999725341797},"rotation":{"x":-0.0590318962931633,"y":-0.034998271614313129,"z":0.00207164091989398,"w":-0.9976862668991089},"size":1.9138118028640748,"orthographic":true}