{"cameraMode":{"drawMode":0,"name":"Shaded","section":"Shading Mode"},"sceneLighting":false,"audioPlay":false,"sceneViewState":{"showFog":true,"showMaterialUpdate":false,"showSkybox":false,"showFlares":true,"showImageEffects":true,"showParticleSystems":true},"in2DMode":false,"pivot":{"x":0.4815225601196289,"y":7.3712921142578129,"z":1.3459738492965699},"rotation":{"x":-0.17581041157245637,"y":-0.6332550048828125,"z":0.15075531601905824,"w":-0.7385187149047852},"size":22.22149085998535,"orthographic":true}