{"cameraMode":{"drawMode":0,"name":"Shaded","section":"Shading Mode"},"sceneLighting":false,"audioPlay":false,"sceneViewState":{"showFog":true,"showMaterialUpdate":false,"showSkybox":false,"showFlares":true,"showImageEffects":true,"showParticleSystems":true},"in2DMode":false,"pivot":{"x":60.83880615234375,"y":5.915063858032227,"z":110.11674499511719},"rotation":{"x":0.010289781726896763,"y":-0.8722808957099915,"z":0.018305066972970964,"w":0.48860105872154238},"size":1.3671472072601319,"orthographic":true}