{"cameraMode":{"drawMode":0,"name":"Shaded","section":"Shading Mode"},"sceneLighting":true,"audioPlay":false,"sceneViewState":{"showFog":true,"showMaterialUpdate":false,"showSkybox":true,"showFlares":true,"showImageEffects":true,"showParticleSystems":true},"in2DMode":false,"pivot":{"x":60.735328674316409,"y":6.349173545837402,"z":109.8173828125},"rotation":{"x":0.02007250487804413,"y":-0.9776158332824707,"z":0.1781996786594391,"w":0.1101476177573204},"size":1.3959017992019654,"orthographic":true}