{"cameraMode":{"drawMode":0,"name":"Shaded","section":"Shading Mode"},"sceneLighting":false,"audioPlay":false,"sceneViewState":{"showFog":true,"showMaterialUpdate":false,"showSkybox":false,"showFlares":true,"showImageEffects":true,"showParticleSystems":true},"in2DMode":false,"pivot":{"x":57.898773193359378,"y":3.425565004348755,"z":114.25782012939453},"rotation":{"x":0.015519412234425545,"y":-0.6954038739204407,"z":-0.015021963976323605,"w":-0.7183188796043396},"size":0.36207446455955508,"orthographic":true}