{"cameraMode":{"drawMode":0,"name":"Shaded","section":"Shading Mode"},"sceneLighting":false,"audioPlay":false,"sceneViewState":{"showFog":true,"showMaterialUpdate":false,"showSkybox":false,"showFlares":true,"showImageEffects":true,"showParticleSystems":true},"in2DMode":false,"pivot":{"x":2.502796173095703,"y":-1.1298500299453736,"z":-4.145354270935059},"rotation":{"x":0.030138103291392328,"y":0.17123843729496003,"z":-0.005276749841868877,"w":0.9848164319992065},"size":3.3808627128601076,"orthographic":true}