{"cameraMode":{"drawMode":0,"name":"Shaded","section":"Shading Mode"},"sceneLighting":true,"audioPlay":false,"sceneViewState":{"showFog":true,"showMaterialUpdate":false,"showSkybox":true,"showFlares":true,"showImageEffects":true,"showParticleSystems":true},"in2DMode":false,"pivot":{"x":-11.078435897827149,"y":6.647200584411621,"z":145.9299774169922},"rotation":{"x":0.26488324999809267,"y":0.433261513710022,"z":-0.13487306237220765,"w":0.8508553504943848},"size":164.25254821777345,"orthographic":false}