{"cameraMode":{"drawMode":0,"name":"Shaded","section":"Shading Mode"},"sceneLighting":true,"audioPlay":false,"sceneViewState":{"showFog":true,"showMaterialUpdate":false,"showSkybox":true,"showFlares":true,"showImageEffects":true,"showParticleSystems":true},"in2DMode":false,"pivot":{"x":64.9881820678711,"y":6.405614852905273,"z":114.98673248291016},"rotation":{"x":-0.0884745791554451,"y":0.8850324153900147,"z":-0.18778638541698457,"w":-0.41674330830574038},"size":2.9913253784179689,"orthographic":true}