{"cameraMode":{"drawMode":0,"name":"Shaded","section":"Shading Mode"},"sceneLighting":false,"audioPlay":false,"sceneViewState":{"showFog":true,"showMaterialUpdate":false,"showSkybox":false,"showFlares":true,"showImageEffects":true,"showParticleSystems":true},"in2DMode":false,"pivot":{"x":69.8125,"y":7.46025276184082,"z":112.5431137084961},"rotation":{"x":0.0012682348024100066,"y":0.985214352607727,"z":-0.1713508814573288,"w":0.00711172167211771},"size":1.4301174879074097,"orthographic":true}