{"cameraMode":{"drawMode":0,"name":"Shaded","section":"Shading Mode"},"sceneLighting":false,"audioPlay":false,"sceneViewState":{"showFog":true,"showMaterialUpdate":false,"showSkybox":false,"showFlares":true,"showImageEffects":true,"showParticleSystems":true},"in2DMode":false,"pivot":{"x":60.83880615234375,"y":5.915063858032227,"z":110.11674499511719},"rotation":{"x":-0.06006767228245735,"y":-0.9031365513801575,"z":0.40331995487213137,"w":-0.13456964492797852},"size":1.654492974281311,"orthographic":true}