{"cameraMode":{"drawMode":0,"name":"Shaded","section":"Shading Mode"},"sceneLighting":false,"audioPlay":false,"sceneViewState":{"showFog":true,"showMaterialUpdate":false,"showSkybox":false,"showFlares":true,"showImageEffects":true,"showParticleSystems":true},"in2DMode":false,"pivot":{"x":57.898773193359378,"y":3.425565004348755,"z":114.25782012939453},"rotation":{"x":0.0025586197152733804,"y":-0.7041333317756653,"z":-0.002532830461859703,"w":-0.7100845575332642},"size":0.5875936150550842,"orthographic":true}