{"cameraMode":{"drawMode":0,"name":"Shaded","section":"Shading Mode"},"sceneLighting":false,"audioPlay":false,"sceneViewState":{"showFog":true,"showMaterialUpdate":false,"showSkybox":false,"showFlares":true,"showImageEffects":true,"showParticleSystems":true},"in2DMode":false,"pivot":{"x":0.5702552795410156,"y":6.695059299468994,"z":-0.4954500198364258},"rotation":{"x":-0.11345436424016953,"y":0.014317828230559826,"z":-0.001638640183955431,"w":-0.9934497475624085},"size":31.384952545166017,"orthographic":true}