{"cameraMode":{"drawMode":0,"name":"Shaded","section":"Shading Mode"},"sceneLighting":false,"audioPlay":false,"sceneViewState":{"showFog":true,"showMaterialUpdate":false,"showSkybox":false,"showFlares":true,"showImageEffects":true,"showParticleSystems":true},"in2DMode":false,"pivot":{"x":66.73709106445313,"y":7.46025276184082,"z":112.5431137084961},"rotation":{"x":-0.16556839644908906,"y":-0.0738777294754982,"z":0.012405968271195889,"w":-0.9833778738975525},"size":1.4301174879074097,"orthographic":true}