{"cameraMode":{"drawMode":0,"name":"Shaded","section":"Shading Mode"},"sceneLighting":false,"audioPlay":false,"sceneViewState":{"showFog":true,"showMaterialUpdate":false,"showSkybox":false,"showFlares":true,"showImageEffects":true,"showParticleSystems":true},"in2DMode":false,"pivot":{"x":59.4088020324707,"y":3.345034122467041,"z":117.08895111083985},"rotation":{"x":-0.0009268675930798054,"y":-0.9218084812164307,"z":0.0022136818151921036,"w":-0.3876778781414032},"size":1.4860165119171143,"orthographic":true}