{"cameraMode":{"drawMode":0,"name":"Shaded","section":"Shading Mode"},"sceneLighting":false,"audioPlay":false,"sceneViewState":{"showFog":true,"showMaterialUpdate":false,"showSkybox":false,"showFlares":true,"showImageEffects":true,"showParticleSystems":true},"in2DMode":false,"pivot":{"x":67.83000183105469,"y":3.4170002937316896,"z":114.26000213623047},"rotation":{"x":-0.00058743980480358,"y":0.704444408416748,"z":-0.0002609715156722814,"w":-0.7100152969360352},"size":1.5588476657867432,"orthographic":true}